[
    {
        "name": "Home Decor",
        "icon": "fa-home"
    },
    {
        "name": "Fashion",
        "icon": "fa-female"
    },
    {
        "name": "Bags",
        "icon": "fa-shopping-bag"
    },
    {
        "name": "Jewellery",
        "icon": "fa-diamond"
    },
    {
        "name": "Real Estate",
        "icon": "fa-building-o"
    },
    {
        "name": "Grocery",
        "icon": "fa-shopping-cart"
    },
    {
        "name": "Toys",
        "icon": "fa-child"
    },
    {
        "name": "Gifts",
        "icon": "fa-gift"
    },
    {
        "name": "Watches",
        "icon": "fa-clock-o"
    },
    {
        "name": "Others",
        "icon": "fa-search"
    }
]