{
    "name": "listbusiness",
    "header": "List your Business",
    "title": "",
    "description": "This information will let us know more about you." ,
    "color": "purple",
    "tabs": [
        {
            "name": "Business Profile",
            "href": "profile",
            "description": "Let's start with your Business Info",
            "fields": [
                {
                    "layoutClass": "col-sm-4 col-sm-offset-1",
                    "containerClass": "picture-container",
                    "inputClass": "picture",
                    "label": "Logo",
                    "type": "file",
                    "id": "businessLogo",
                    "name": "businessLogo",
                    "showicons": false,
                    "addInfo": "Upload your Logo"
                },
                {
                    "layoutClass": "col-sm-6",
                    "containerClass": "input-group",
                    "inputClass": "form-group label-floating",
                    "label": "Business Name <small>(required)</small>",
                    "type": "text",
                    "id": "businessName",
                    "name": "businessName",
                    "showicons": true,
                    "required":true
                },
                {
                    "layoutClass": "col-sm-6",
                    "containerClass": "input-group",
                    "inputClass": "form-group label-floating",
                    "label": "Tagline",
                    "type": "text",
                    "id": "businessTagLine",
                    "name": "businessTagLine",
                    "showicons": true
                },
                {
                    "layoutClass": "col-sm-6",
                    "containerClass": "input-group",
                    "inputClass": "form-group label-floating",
                    "label": "Business Address 1",
                    "type": "textarea", "rows": 5,
                    "id": "businessAddress1",
                    "name": "businessAddress1",
                    "showicons": true
                },
                {
                    "layoutClass": "col-sm-6",
                    "containerClass": "input-group",
                    "inputClass": "form-group label-floating",
                    "label": "Business Address 2",
                    "type": "textarea", "rows": 5,
                    "id": "businessAddress2",
                    "name": "businessAddress2",
                    "showicons": true
                },
                {
                    "layoutClass": "col-sm-6",
                    "containerClass": "input-group",
                    "inputClass": "form-group label-floating",
                    "label": "City",
                    "type": "text", 
                    "id": "businessCity",
                    "name": "businessCity",
                    "showicons": true
                },
                {
                    "layoutClass": "col-sm-6",
                    "containerClass": "input-group",
                    "inputClass": "form-group label-floating",
                    "label": "State",
                    "type": "select",
                    "options":[{"value":"Andhra Pradesh"},{"value":"Arunachal Pradesh"},{"value":"Assam"},{"value":"Bihar"},{"value":"Chhattisgarh"},{"value":"Chandigarh"},{"value":"Dadra and Nagar Haveli"},{"value":"Daman and Diu"},{"value":"Delhi"},{"value":"Goa"},{"value":"Gujarat"},{"value":"Haryana"},{"value":"Himachal Pradesh"},{"value":"Jammu and Kashmir"},{"value":"Jharkhand"},{"value":"Karnataka"},{"value":"Kerala"},{"value":"Madhya Pradesh"},{"value":"Maharashtra"},{"value":"Manipur"},{"value":"Meghalaya"},{"value":"Mizoram"},{"value":"Nagaland"},{"value":"Orissa"},{"value":"Punjab"},{"value":"Pondicherry"},{"value":"Rajasthan"},{"value":"Sikkim"},{"value":"Tamil Nadu"},{"value":"Tripura"},{"value":"Uttar Pradesh"},{"value":"Uttarakhand"},{"value":"West Bengal"}],
                    "id": "businessState",
                    "name": "businessState",
                    "showicons": true
                },
                {
                    "layoutClass": "col-sm-6",
                    "containerClass": "input-group",
                    "inputClass": "form-group label-floating",
                    "label": "Have Multiple Locations?",
                    "type": "select",
                    "options":[{"value":"Yes"},{"value":"No"}],
                    "id": "businessHaveMultipleLocation",
                    "name": "businessHaveMultipleLocation",
                    "showicons": true
                },
                {
                    "layoutClass": "col-sm-6",
                    "containerClass": "input-group",
                    "inputClass": "form-group label-floating",
                    "label": "No of Locations",
                    "type": "number",
                    "id": "businessNoOfLocations",
                    "name": "businessNoOfLocations",
                    "showicons": true
                }
            ]
        },
        {
            "name": "Category",
            "href": "category",
            "description": "Choose your Business Category",
            "src": "categories",
            "fields": [
                {
                    "layoutClass": "col-sm-3",
                    "containerClass": "col-sm-12",
                    "inputClass": "choice",
                    "label": "",
                    "type": "checkbox",
                    "id": "category",
                    "name": "category",
                    "icon": "category.icon",
                    "showicons": false,
                    "showCatIcon": true
                }
            ]
        },
        {
            "name": "Personal Info",
            "href": "personal",
            "fields":[
                {
                    "layoutClass": "col-sm-6",
                    "containerClass": "input-group",
                    "inputClass": "form-group label-floating",
                    "label": "Contact Name <small>(required)</small>",
                    "type": "text",
                    "id": "contactName",
                    "name": "name",
                    "showicons": true,
                    "required":true
                },
                {
                    "layoutClass": "col-sm-6",
                    "containerClass": "input-group",
                    "inputClass": "form-group label-floating",
                    "label": "Email ",
                    "type": "email",
                    "id": "email",
                    "name": "email",
                    "showicons": true
                },
                {
                    "layoutClass": "col-sm-6",
                    "containerClass": "input-group",
                    "inputClass": "form-group label-floating",
                    "label": "Password <small>(required)</small>",
                    "type": "text",
                    "id": "password",
                    "name": "password",
                    "showicons": true,
                    "required":true
                },
                {
                    "layoutClass": "col-sm-6",
                    "containerClass": "input-group",
                    "inputClass": "form-group label-floating",
                    "label": "Phone <small>(required)</small>",
                    "type": "text",
                    "id": "phone",
                    "name": "phone",
                    "showicons": true,
                    "required":true
                },
                {
                    "layoutClass": "col-sm-6",
                    "containerClass": "input-group",
                    "inputClass": "form-group label-floating",
                    "label": "Alternative Phone ",
                    "type": "text",
                    "id": "alt_phone",
                    "name": "alt_phone",
                    "showicons": true
                },
                {
                    "layoutClass": "col-sm-6",
                    "containerClass": "input-group",
                    "inputClass": "form-group label-floating",
                    "label": "Agree Terms ",
                    "type": "checkbox",
                    "id": "agreeTerms",
                    "name": "agreeTerms",
                    "showicons": true
                }

            ]
        }
    ]
}