[
    {
        "image":"airtel.jpg",
        "maintext":"<br><br>Recharge Prepaid Mobile",
        "description":"Recharge Now <i class='fa fa-arrow-circle-right' aria-hidden='true'></i>",
        "link":"https://eploop.go2pixel.org/tracking/track/?offer_id=21&aff_id=9136"
    },
    {
        "image":"Fabindia.jpg",
        "maintext":"<br><br><br>",
        "description":"Shop now <i class='fa fa-arrow-circle-right' aria-hidden='true'></i>",
        "link":"https://eploop.go2pixel.org/tracking/track/?offer_id=192&aff_id=9136"
    },
    {
        "image":"jio.jpg",
        "maintext":"<br><br><br>",
        "description":"Recharge now <i class='fa fa-arrow-circle-right' aria-hidden='true'></i>",
        "link":"https://eploop.go2pixel.org/tracking/track/?offer_id=337&aff_id=9136"
    },
    {
        "image":"fernsnpetal.jpeg",
        "maintext":"<br><br><br>",
        "description":"Book Online <i class='fa fa-arrow-circle-right' aria-hidden='true'></i>",
        "link":"https://eploop.go2pixel.org/tracking/track/?offer_id=200&aff_id=9136"
    },
    {
        "image":"mmt.jpg",
        "maintext":"<br><br><br>",
        "description":"Book Online <i class='fa fa-arrow-circle-right' aria-hidden='true'></i>",
        "link":"https://eploop.go2pixel.org/tracking/track/?offer_id=405&aff_id=9136"
    },
    {
        "image":"mmt-hotel.jpg",
        "maintext":"<br><br><br>",
        "description":"Book Online <i class='fa fa-arrow-circle-right' aria-hidden='true'></i>",
        "link":"https://eploop.go2pixel.org/tracking/track/?offer_id=406&aff_id=9136"
    }
]